subsystem,class
(root),BaseCurrencyProxy
(root),ConversionTypeProxy
(root),DateProxy
(root),Error
(root),Event
(root),ExchangeRate
(root),Handle
(root),IntervalPrice
(root),Link
(root),LocalVolatilityEstimator
(root),Position
(root),Protection
(root),RebatedExercise
(root),RelinkableHandle
(root),SavedSettings
(root),VolatilityCompositor
cashflows,AverageBMALeg
cashflows,AveragingMultipleResetsPricer
cashflows,BlackAveragingOvernightIndexedCouponPricer
cashflows,BlackCompoundingOvernightIndexedCouponPricer
cashflows,CPILeg
cashflows,CmsLeg
cashflows,CompoundingMultipleResetsPricer
cashflows,DigitalCmsLeg
cashflows,DigitalIborLeg
cashflows,EquityCashFlow
cashflows,EquityCashFlowPricer
cashflows,EquityQuantoCashFlowPricer
cashflows,FixedRateLeg
cashflows,FloatingRateCouponPricer
cashflows,Function
cashflows,IborLeg
cashflows,IrrFinder
cashflows,LinearTsrPricer
cashflows,MultipleResetsCoupon
cashflows,MultipleResetsLeg
cashflows,MultipleResetsPricer
cashflows,ObjectiveFunction
cashflows,OvernightLeg
cashflows,PriceHelper
cashflows,RangeAccrualFloatersCoupon
cashflows,RangeAccrualLeg
cashflows,RangeAccrualPricer
cashflows,RangeAccrualPricerByBgm
cashflows,RateAveraging
cashflows,TimeBasket
cashflows,VegaRatioHelper
currencies,AEDCurrency
currencies,AOACurrency
currencies,ARSCurrency
currencies,ATSCurrency
currencies,AUDCurrency
currencies,BCHCurrency
currencies,BDTCurrency
currencies,BEFCurrency
currencies,BGLCurrency
currencies,BGNCurrency
currencies,BHDCurrency
currencies,BRLCurrency
currencies,BTCCurrency
currencies,BWPCurrency
currencies,BYRCurrency
currencies,CADCurrency
currencies,CLFCurrency
currencies,CLPCurrency
currencies,CNHCurrency
currencies,CNYCurrency
currencies,COPCurrency
currencies,COUCurrency
currencies,CYPCurrency
currencies,CZKCurrency
currencies,DASHCurrency
currencies,DEMCurrency
currencies,DKKCurrency
currencies,EEKCurrency
currencies,EGPCurrency
currencies,ESPCurrency
currencies,ETBCurrency
currencies,ETCCurrency
currencies,ETHCurrency
currencies,Entry
currencies,ExchangeRateManager
currencies,FIMCurrency
currencies,FRFCurrency
currencies,GELCurrency
currencies,GHSCurrency
currencies,GRDCurrency
currencies,HKDCurrency
currencies,HRKCurrency
currencies,HUFCurrency
currencies,IDRCurrency
currencies,IEPCurrency
currencies,ILSCurrency
currencies,INRCurrency
currencies,IQDCurrency
currencies,IRRCurrency
currencies,ISKCurrency
currencies,ITLCurrency
currencies,JODCurrency
currencies,KESCurrency
currencies,KRWCurrency
currencies,KWDCurrency
currencies,KZTCurrency
currencies,LKRCurrency
currencies,LTCCurrency
currencies,LTLCurrency
currencies,LUFCurrency
currencies,LVLCurrency
currencies,MADCurrency
currencies,MTLCurrency
currencies,MURCurrency
currencies,MXNCurrency
currencies,MXVCurrency
currencies,MYRCurrency
currencies,NGNCurrency
currencies,NLGCurrency
currencies,NOKCurrency
currencies,NPRCurrency
currencies,NZDCurrency
currencies,OMRCurrency
currencies,PEHCurrency
currencies,PEICurrency
currencies,PENCurrency
currencies,PHPCurrency
currencies,PKRCurrency
currencies,PLNCurrency
currencies,PTECurrency
currencies,QARCurrency
currencies,ROLCurrency
currencies,RONCurrency
currencies,RSDCurrency
currencies,RUBCurrency
currencies,SARCurrency
currencies,SEKCurrency
currencies,SGDCurrency
currencies,SITCurrency
currencies,SKKCurrency
currencies,THBCurrency
currencies,TNDCurrency
currencies,TRLCurrency
currencies,TRYCurrency
currencies,TTDCurrency
currencies,TWDCurrency
currencies,UAHCurrency
currencies,UGXCurrency
currencies,UYUCurrency
currencies,VEBCurrency
currencies,VNDCurrency
currencies,XOFCurrency
currencies,XRPCurrency
currencies,ZARCurrency
currencies,ZECCurrency
currencies,ZMWCurrency
experimental,AdaptiveInertia
experimental,AffineHazardRate
experimental,AssetSwapHelper
experimental,BaseCorrelationLossModel
experimental,BaseCorrelationTermStructure
experimental,BlackCdsOptionEngine
experimental,CappedFlooredCmsSpreadCoupon
experimental,CdsOption
experimental,ClubsTopology
experimental,CmsSpreadLeg
experimental,ConstantLossLatentmodel
experimental,ConstantLossModel
experimental,Data
experimental,DecreasingGaussianWalk
experimental,DefaultLatentModel
experimental,DigitalCmsSpreadCoupon
experimental,DigitalCmsSpreadLeg
experimental,DiscretizedDermanKaniDoubleBarrierOption
experimental,DiscretizedDoubleBarrierOption
experimental,DoubleBarrierPathPricer
experimental,ESFIntegrator
experimental,FactorSampler
experimental,FdExtOUJumpVanillaEngine
experimental,FdKlugeExtOUSpreadEngine
experimental,GaussNonCentralChiSquaredPolynomial
experimental,GaussianQuadMultidimIntegrator
experimental,GenericRegion
experimental,HomogeneousPoolLossModel
experimental,InhomogeneousPoolLossModel
experimental,IntegralNtdEngine
experimental,IntegrationBase
experimental,IntegrationFactory
experimental,InterpolatedAffineHazardRateCurve
experimental,InterpolationData
experimental,InterpolationParameter
experimental,LevyFlightInertia
experimental,LongstaffSchwartzMultiPathPricer
experimental,LossDist
experimental,MCAmericanPathEngine
experimental,MCDoubleBarrierEngine
experimental,MCLongstaffSchwartzPathEngine
experimental,MakeMCAmericanPathEngine
experimental,MakeMCDoubleBarrierEngine
experimental,MakeMCEverestEngine
experimental,MakeMCHimalayaEngine
experimental,MakeMCPagodaEngine
experimental,MakeMCPathBasketEngine
experimental,ManipulateDistribution
experimental,MappingFunction
experimental,NoArbSabr
experimental,NoArbSabrSpecs
experimental,NorthAmericaCorpDefaultKey
experimental,OneFactorAffineSurvivalStructure
experimental,OneFactorGaussianStudentCopula
experimental,OneFactorStudentGaussianCopula
experimental,PathInfo
experimental,PerturbativeBarrierOptionEngine
experimental,Polynomial
experimental,Polynomial2DSplineImpl
experimental,QuantoDoubleBarrierOption
experimental,RandomDefaultLM
experimental,RandomLM
experimental,RandomLossLM
experimental,Root
experimental,SaddleObjectiveFunction
experimental,SaddlePercObjFunction
experimental,SaddlePointLossModel
experimental,SpotRecoveryLatentModel
experimental,StrippedCappedFlooredCouponLeg
experimental,SuoWangDoubleBarrierEngine
experimental,Svi
experimental,SviSpecs
experimental,SwaptionVolCubeNoArbSabrModel
experimental,TenorOptionletSmileSection
experimental,TenorSwaptionSmileSection
experimental,VannaVolga
experimental,VectorIntegrator
experimental,Ziggurat
indexes,AUCPI
indexes,AUDLibor
indexes,Aonia
indexes,AustraliaRegion
indexes,Bbsw
indexes,Bbsw1M
indexes,Bbsw2M
indexes,Bbsw3M
indexes,Bbsw4M
indexes,Bbsw5M
indexes,Bbsw6M
indexes,Bibor
indexes,Bibor1M
indexes,Bibor1Y
indexes,Bibor2M
indexes,Bibor3M
indexes,Bibor6M
indexes,BiborSW
indexes,Bkbm
indexes,Bkbm1M
indexes,Bkbm2M
indexes,Bkbm3M
indexes,Bkbm4M
indexes,Bkbm5M
indexes,Bkbm6M
indexes,CADLibor
indexes,CADLiborON
indexes,CHFLibor
indexes,CPI
indexes,CaseInsensitiveCompare
indexes,Cdi
indexes,Cdor
indexes,ChfLiborSwapIsdaFix
indexes,Corra
indexes,CustomIborIndex
indexes,CustomRegion
indexes,DKKLibor
indexes,DailyTenorCHFLibor
indexes,DailyTenorEURLibor
indexes,DailyTenorJPYLibor
indexes,Destr
indexes,EUHICPXT
indexes,EURLibor
indexes,EURLibor1M
indexes,EURLibor1Y
indexes,EURLibor3M
indexes,EURLibor6M
indexes,EURLiborON
indexes,EURegion
indexes,EquityIndex
indexes,EurLiborSwapIfrFix
indexes,EurLiborSwapIsdaFixA
indexes,EurLiborSwapIsdaFixB
indexes,Euribor1M
indexes,Euribor1W
indexes,Euribor1Y
indexes,Euribor365
indexes,Euribor3M
indexes,Euribor6M
indexes,EuriborSwapIfrFix
indexes,EuriborSwapIsdaFixB
indexes,FranceRegion
indexes,GbpLiborSwapIsdaFix
indexes,JPYLibor
indexes,Jibar
indexes,JpyLiborSwapIsdaFixAm
indexes,JpyLiborSwapIsdaFixPm
indexes,Kofr
indexes,Mosprime
indexes,NZDLibor
indexes,Nzocr
indexes,OvernightIndexedSwapIndex
indexes,Pribor
indexes,Robor
indexes,SEKLibor
indexes,Saron
indexes,Shibor
indexes,Swestr
indexes,THBFIX
indexes,TRLibor
indexes,Tibor
indexes,Tonar
indexes,UKRegion
indexes,USRegion
indexes,UsdLiborSwapIsdaFixPm
indexes,Wibor
indexes,YYAUCPI
indexes,YYEUHICP
indexes,YYEUHICPXT
indexes,YYFRHICP
indexes,YYUKRPI
indexes,YYUSCPI
indexes,YYZACPI
indexes,ZACPI
indexes,ZARegion
indexes,Zibor
instruments,AmortizingCmsRateBond
instruments,AmortizingFloatingRateBond
instruments,AssetSwap
instruments,Average
instruments,BMASwap
instruments,BTP
instruments,Barrier
instruments,CCTEU
instruments,CPIBond
instruments,CmsRateBond
instruments,ComplexChooserOption
instruments,CompositeInstrument
instruments,ContinuousPartialFixedLookbackOption
instruments,ContinuousPartialFloatingLookbackOption
instruments,ConvertibleBond
instruments,ConvertibleFixedCouponBond
instruments,ConvertibleFloatingRateBond
instruments,ConvertibleZeroCouponBond
instruments,DoubleBarrier
instruments,DoubleStickyRatchetPayoff
instruments,EquityTotalReturnSwap
instruments,FaceValueAccrualClaim
instruments,Futures
instruments,ImpliedVolatilityHelper
instruments,MakeCapFloor
instruments,MakeCms
instruments,MakeCreditDefaultSwap
instruments,MakeMultipleResetsSwap
instruments,MakeOIS
instruments,MakeSwaption
instruments,MakeVanillaSwap
instruments,MakeYoYInflationCapFloor
instruments,MargrabeOption
instruments,MultipleResetsSwap
instruments,OvernightIndexFuture
instruments,PartialBarrier
instruments,PerpetualFutures
instruments,Price
instruments,QuantoBarrierOption
instruments,QuantoForwardVanillaOption
instruments,QuantoOptionResults
instruments,QuantoVanillaOption
instruments,RatchetMaxPayoff
instruments,RatchetMinPayoff
instruments,RatchetPayoff
instruments,RatchetPayoff_2
instruments,RendistatoBasket
instruments,RendistatoCalculator
instruments,RendistatoEquivalentSwapLengthQuote
instruments,RendistatoEquivalentSwapSpreadQuote
instruments,Settlement
instruments,SoftCallability
instruments,StickyMaxPayoff
instruments,StickyMinPayoff
instruments,StickyPayoff
instruments,StickyPayoff_2
instruments,StickyRatchetPayoff
instruments,Stock
instruments,VanillaForwardPayoff
instruments,VarianceSwap
legacy,LfmCovarianceParameterization
legacy,LfmCovarianceProxy
legacy,LfmHullWhiteParameterization
legacy,LfmSwaptionEngine
legacy,LiborForwardModel
legacy,LiborForwardModelProcess
legacy,LmConstWrapperCorrelationModel
legacy,LmConstWrapperVolatilityModel
legacy,LmCorrelationModel
legacy,LmExponentialCorrelationModel
legacy,LmExtLinearExponentialVolModel
legacy,LmFixedVolatilityModel
legacy,LmLinearExponentialCorrelationModel
legacy,LmLinearExponentialVolatilityModel
legacy,LmVolatilityModel
math,Abcd
math,AbcdCoeffHolder
math,AbcdMathFunction
math,AdaptiveRungeKutta
math,ArmijoLineSearch
math,Array
math,BFGS
math,BSpline
math,BackwardFlat
math,BackwardflatLinear
math,BackwardflatLinearInterpolation
math,BackwardflatLinearInterpolationImpl
math,BiCGStabResult
math,BiCGstab
math,Bicubic
math,BicubicSplineDerivatives
math,BicubicSplineImpl
math,Bilinear
math,BilinearInterpolationImpl
math,BinomialDistribution
math,BivariateCumulativeNormalDistributionDr78
math,BivariateCumulativeNormalDistributionWe04DP
math,BivariateCumulativeStudentDistribution
math,Burley2020SobolBrownianBridgeRsg
math,CLGaussianRng
math,Candidate
math,ComboHelper
math,CompositeConstraint
math,Configuration
math,ConjugateGradient
math,ConstantGradHelper
math,ConvergenceStatistics
math,ConvexMonotone
math,ConvexMonotone2Helper
math,ConvexMonotone3Helper
math,ConvexMonotone4Helper
math,ConvexMonotone4MinHelper
math,CovarianceDecomposition
math,Cubic
math,CubicInterpolationBaseImpl
math,CubicSplineOvershootingMinimization1
math,CubicSplineOvershootingMinimization2
math,CumulativeBinomialDistribution
math,CumulativeChiSquareDistribution
math,CumulativeGammaDistribution
math,CumulativePoissonDistribution
math,CumulativeStudentDistribution
math,Default
math,DifferentialEvolution
math,DiscrepancyStatistics
math,DiscreteSimpsonIntegral
math,DiscreteSimpsonIntegrator
math,DiscreteTrapezoidIntegral
math,DiscreteTrapezoidIntegrator
math,DoublingConvergenceSteps
math,EmptyArg
math,EmptyDim
math,EmptyRes
math,EverywhereConstantHelper
math,ExpSinhIntegral
math,FastFourierTransform
math,FaureRsg
math,FilonIntegral
math,FlatExtrapolator2D
math,FlatExtrapolator2DImpl
math,ForwardFlat
math,FritschButlandCubic
math,FritschButlandLogCubic
math,FrobeniusCostFunction
math,GMRES
math,GMRESResult
math,GaussChebyshev2ndIntegration
math,GaussChebyshev2ndPolynomial
math,GaussChebyshevIntegration
math,GaussChebyshevPolynomial
math,GaussGegenbauerIntegration
math,GaussGegenbauerPolynomial
math,GaussHyperbolicIntegration
math,GaussHyperbolicPolynomial
math,GaussJacobiIntegration
math,GaussJacobiPolynomial
math,GaussKronrodNonAdaptive
math,GaussLaguerreCosinePolynomial
math,GaussLaguerreIntegration
math,GaussLaguerrePolynomial
math,GaussLaguerreSinePolynomial
math,GaussLaguerreTrigonometricBase
math,GaussLegendreIntegration
math,GaussLegendrePolynomial
math,GaussianCopula
math,GaussianKernel
math,GaussianQuadratureIntegrator
math,GeneralLinearLeastSquares
math,GenericGaussianStatistics
math,GenericLowDiscrepancy
math,GenericPseudoRandom
math,GenericRiskStatistics
math,GenericSequenceStatistics
math,GoldsteinLineSearch
math,HarmonicCubic
math,HarmonicLogCubic
math,Histogram
math,HouseholderReflection
math,HouseholderTransformation
math,InverseCumulativePoisson
math,InverseCumulativeRng
math,InverseCumulativeRsg
math,InverseCumulativeStudent
math,InverseNonCentralCumulativeChiSquareDistribution
math,KernelFunction
math,KernelInterpolation
math,KernelInterpolation2D
math,KernelInterpolation2DImpl
math,KrugerCubic
math,KrugerLog
math,KrugerLogCubic
math,KrugerLogMixedLinearCubic
math,LatticeRsg
math,LatticeRule
math,LeastSquareFunction
math,LeastSquareProblem
math,LineSearch
math,LineSearchBasedMethod
math,Linear
math,LinearFct
math,LinearFcts
math,LinearLeastSquaresRegression
math,LinearRegression
math,LogCubic
math,LogCubicInterpolation
math,LogCubicNaturalSpline
math,LogLinear
math,LogMixedLinearCubic
math,LogMixedLinearCubicInterpolation
math,LogMixedLinearCubicNaturalSpline
math,LogParabolic
math,MaddockCumulativeNormal
math,MaddockInverseCumulativeNormal
math,Matrix
math,MidPoint
math,MixedInterpolation
math,MixedLinearCubic
math,MixedLinearCubicInterpolation
math,MixedLinearCubicNaturalSpline
math,MixedLinearFritschButlandCubic
math,MixedLinearKrugerCubic
math,MixedLinearMonotonicCubicNaturalSpline
math,MixedLinearMonotonicParabolic
math,MixedLinearParabolic
math,MonotonicLogCubic
math,MonotonicLogCubicNaturalSpline
math,MonotonicLogMixedLinearCubic
math,MonotonicLogParabolic
math,MonotonicParabolic
math,MoroInverseCumulativeNormal
math,MultiDimGaussianIntegration
math,NonCentralCumulativeChiSquareSankaranApprox
math,NonLinearLeastSquare
math,NonhomogeneousBoundaryConstraint
math,OdeFctWrapper
math,Parabolic
math,ParametersTransformation
math,PoissonDistribution
math,PolynomialFunction
math,PrimeNumbers
math,ProjectedConstraint
math,ProjectedCostFunction
math,Projection
math,QuadraticHelper
math,QuadraticMinHelper
math,RandomSequenceGenerator
math,RandomizedLDS
math,Ranlux64UniformRng
math,RichardsonExtrapolation
math,SABR
math,SABRInterpolation
math,SABRSpecs
math,SABRWrapper
math,SVD
math,SectionHelper
math,SeedGenerator
math,SimpleCostFunction
math,SimulatedAnnealing
math,SobolBrownianBridgeRsg
math,SparseILUPreconditioner
math,StatsHolder
math,SteepestDescent
math,StochasticCollocationInvCDF
math,StudentDistribution
math,SymmetricSchurDecomposition
math,TabulatedGaussLegendre
math,TanhSinhIntegral
math,TqrEigenDecomposition
math,TwoDimensionalIntegral
math,UpdatedYInterpolation
math,XABRError
math,ZigguratGaussianRng
methods,AdditiveEQPBinomialTree
methods,BSMRNDCalculator
methods,BoundaryConditionSchemeHelper
methods,Branching
methods,CEVRNDCalculator
methods,Concentrating1dMesher
methods,CraigSneydScheme
methods,DouglasScheme
methods,EarlyExerciseTraits
methods,EqualJumpsBinomialTree
methods,EqualProbabilitiesBinomialTree
methods,EscrowedDividendAdjustment
methods,ExponentialJump1dMesher
methods,Fdm1DimSolver
methods,Fdm2DimSolver
methods,Fdm2dBlackScholesOp
methods,Fdm2dBlackScholesSolver
methods,Fdm3DimSolver
methods,FdmAffineModelSwapInnerValue
methods,FdmAffineModelTermStructure
methods,FdmArithmeticAverageCondition
methods,FdmBatesOp
methods,FdmBatesSolver
methods,FdmBermudanStepCondition
methods,FdmBlackScholesFwdOp
methods,FdmBlackScholesMultiStrikeMesher
methods,FdmBlackScholesSolver
methods,FdmCEV1dMesher
methods,FdmCEVOp
methods,FdmCIREquityPart
methods,FdmCIRMixedPart
methods,FdmCIROp
methods,FdmCIRRatesPart
methods,FdmCIRSolver
methods,FdmCellAveragingInnerValue
methods,FdmDirichletBoundary
methods,FdmDiscountDirichletBoundary
methods,FdmDividendHandler
methods,FdmEscrowedLogInnerValueCalculator
methods,FdmG2Op
methods,FdmG2Solver
methods,FdmHestonEquityPart
methods,FdmHestonFwdOp
methods,FdmHestonGreensFct
methods,FdmHestonHullWhiteEquityPart
methods,FdmHestonHullWhiteOp
methods,FdmHestonHullWhiteSolver
methods,FdmHestonLocalVolatilityVarianceMesher
methods,FdmHestonOp
methods,FdmHestonSolver
methods,FdmHestonVarianceMesher
methods,FdmHestonVariancePart
methods,FdmHullWhiteOp
methods,FdmHullWhiteSolver
methods,FdmIndicesOnBoundary
methods,FdmInnerValueCalculator
methods,FdmLocalVolFwdOp
methods,FdmLogBasketInnerValue
methods,FdmLogInnerValue
methods,FdmMesherIntegral
methods,FdmNdimSolver
methods,FdmQuantoHelper
methods,FdmSabrOp
methods,FdmShoutLogInnerValueCalculator
methods,FdmSimple2dBSSolver
methods,FdmSimpleStorageCondition
methods,FdmSimpleSwingCondition
methods,FdmSnapshotCondition
methods,FdmSquareRootFwdOp
methods,FdmTimeDepDirichletBoundary
methods,FdmWienerOp
methods,FdmZeroInnerValue
methods,FiniteDifferenceModel
methods,HestonRNDCalculator
methods,HundsdorferScheme
methods,IntegroIntegrand
methods,InvCDFHelper
methods,Joshi4
methods,LocalVolRNDCalculator
methods,MethodOfLinesScheme
methods,ModTripleBandLinearOp
methods,ModifiedCraigSneydScheme
methods,MultiVariate
methods,NthOrderDerivativeOp
methods,NullCondition
methods,NumericalDifferentiation
methods,OperatorTraits
methods,ParametricExercise
methods,Predefined1dMesher
methods,RiskNeutralDensityCalculator
methods,SingleVariate
methods,SquareRootProcessRNDCalculator
methods,TRBDF2
methods,TimeSetter
methods,TrBDF2Scheme
methods,TreeLattice
methods,TreeLattice2D
methods,TridiagonalOperator
methods,Trigeorgis
methods,TsiveriotisFernandesLattice
methods,ZeroCondition
models,Burley2020SobolBrownianGenerator
models,Burley2020SobolBrownianGeneratorFactory
models,CachedSwapKey
models,CachedSwapKeyHasher
models,CalibrationPoint
models,ConstantEstimator
models,CustomSmileFactory
models,CustomSmileSection
models,FlatVolFactory
models,GJRGARCHModel
models,Garch11
models,GarmanKlassAbstract
models,GarmanKlassOpenClose
models,GarmanKlassSigma1
models,GarmanKlassSigma3
models,GarmanKlassSigma4
models,GarmanKlassSigma5
models,GarmanKlassSigma6
models,GarmanKlassSimpleSigma
models,HestonSLVFDMModel
models,HestonSLVFokkerPlanckFdmParams
models,HestonSLVMCModel
models,HistoricalForwardRatesAnalysisImpl
models,Impl
models,LogEntry
models,LogNormalFwdRateiBalland
models,ModelOutputs
models,ModelSettings
models,NumericalImpl
models,ParkinsonSigma
models,PathwiseVegasAccountingEngine
models,PathwiseVegasOuterAccountingEngine
models,ReversionObserver
models,SimpleLocalEstimator
models,SubProduct
models,VolatilityObserver
models,ZeroHelper
patterns,AcyclicVisitor
patterns,CuriouslyRecurringTemplate
patterns,Foo
patterns,Proxy
patterns,UpdateChecker
pricingengines,AmericanBasketPathPricer
pricingengines,AmericanPayoffAtExpiry
pricingengines,AmericanPayoffAtHit
pricingengines,AnalyticAmericanMargrabeEngine
pricingengines,AnalyticBSMHullWhiteEngine
pricingengines,AnalyticBlackVasicekEngine
pricingengines,AnalyticCEVEngine
pricingengines,AnalyticCliquetEngine
pricingengines,AnalyticComplexChooserEngine
pricingengines,AnalyticContinuousFixedLookbackEngine
pricingengines,AnalyticContinuousPartialFixedLookbackEngine
pricingengines,AnalyticContinuousPartialFloatingLookbackEngine
pricingengines,AnalyticDigitalAmericanEngine
pricingengines,AnalyticDigitalAmericanKOEngine
pricingengines,AnalyticDiscreteGeometricAverageStrikeAsianEngine
pricingengines,AnalyticDividendEuropeanEngine
pricingengines,AnalyticDoubleBarrierBinaryEngine
pricingengines,AnalyticEuropeanMargrabeEngine
pricingengines,AnalyticGJRGARCHEngine
pricingengines,AnalyticH1HWEngine
pricingengines,AnalyticHestonHullWhiteEngine
pricingengines,AnalyticPTDHestonEngine
pricingengines,AnalyticPerformanceEngine
pricingengines,ArithmeticAPOHestonPathPricer
pricingengines,ArithmeticASOPathPricer
pricingengines,BachelierCalculator
pricingengines,BachelierSpec
pricingengines,BaroneAdesiWhaleyApproximationEngine
pricingengines,BarrierPathPricer
pricingengines,BasketGeneratingEngine
pricingengines,BatesDetJumpEngine
pricingengines,BatesDoubleExpDetJumpEngine
pricingengines,BatesDoubleExpEngine
pricingengines,BiasedBarrierPathPricer
pricingengines,BinomialBarrierEngine
pricingengines,BinomialConvertibleEngine
pricingengines,BjerksundStenslandApproximationEngine
pricingengines,BjerksundStenslandSpreadEngine
pricingengines,Black76Spec
pricingengines,BondFunctions
pricingengines,CEVCalculator
pricingengines,COSHestonEngine
pricingengines,CashDividendEuropeanEngine
pricingengines,ChoiAsianEngine
pricingengines,ChoiBasketEngine
pricingengines,CounterpartyAdjSwapEngine
pricingengines,DengLiZhouBasketEngine
pricingengines,DigitalPathPricer
pricingengines,DiscountingFxForwardEngine
pricingengines,DiscountingPerpetualFuturesEngine
pricingengines,DiscretizedBarrierOption
pricingengines,DiscretizedConvertible
pricingengines,DiscretizedDermanKaniBarrierOption
pricingengines,DiscretizedVanillaOption
pricingengines,EuropeanGJRGARCHPathPricer
pricingengines,EuropeanHestonPathPricer
pricingengines,EuropeanMultiPathPricer
pricingengines,ExponentialFittingHestonEngine
pricingengines,Fd2dBlackScholesVanillaEngine
pricingengines,FdBatesVanillaEngine
pricingengines,FdBlackScholesAsianEngine
pricingengines,FdBlackScholesBarrierEngine
pricingengines,FdBlackScholesRebateEngine
pricingengines,FdBlackScholesShoutEngine
pricingengines,FdCEVVanillaEngine
pricingengines,FdCIRVanillaEngine
pricingengines,FdG2SwaptionEngine
pricingengines,FdHestonBarrierEngine
pricingengines,FdHestonDoubleBarrierEngine
pricingengines,FdHestonHullWhiteVanillaEngine
pricingengines,FdHestonRebateEngine
pricingengines,FdHestonVanillaEngine
pricingengines,FdHullWhiteSwaptionEngine
pricingengines,FdSabrVanillaEngine
pricingengines,FdSimpleBSSwingEngine
pricingengines,FdndimBlackScholesVanillaEngine
pricingengines,FordeHestonExpansion
pricingengines,ForwardEuropeanBSPathPricer
pricingengines,ForwardEuropeanHestonPathPricer
pricingengines,ForwardPerformanceVanillaEngine
pricingengines,ForwardVanillaEngine
pricingengines,Gaussian1dJamshidianSwaptionEngine
pricingengines,Gaussian1dSwaptionEngine
pricingengines,GenericModelEngine
pricingengines,GeometricAPOHestonPathPricer
pricingengines,HestonExpansion
pricingengines,HestonExpansionEngine
pricingengines,HestonHullWhitePathPricer
pricingengines,HullWhiteCapFloorPricer
pricingengines,IntegralEngine
pricingengines,Integrand
pricingengines,JuQuadraticApproximationEngine
pricingengines,JumpDiffusionEngine
pricingengines,LPP2HestonExpansion
pricingengines,LPP3HestonExpansion
pricingengines,LatticeShortRateModelEngine
pricingengines,MCAmericanBasketEngine
pricingengines,MCBarrierEngine
pricingengines,MCDigitalEngine
pricingengines,MCDiscreteArithmeticAPEngine
pricingengines,MCDiscreteArithmeticAPHestonEngine
pricingengines,MCDiscreteArithmeticASEngine
pricingengines,MCDiscreteGeometricAPEngine
pricingengines,MCDiscreteGeometricAPHestonEngine
pricingengines,MCEuropeanBasketEngine
pricingengines,MCEuropeanGJRGARCHEngine
pricingengines,MCEuropeanHestonEngine
pricingengines,MCForwardEuropeanBSEngine
pricingengines,MCForwardEuropeanHestonEngine
pricingengines,MCForwardVanillaEngine
pricingengines,MCHestonHullWhiteEngine
pricingengines,MCHullWhiteCapFloorEngine
pricingengines,MCLookbackEngine
pricingengines,MCPerformanceEngine
pricingengines,MCVarianceSwapEngine
pricingengines,MakeFdBlackScholesVanillaEngine
pricingengines,MakeFdCIRVanillaEngine
pricingengines,MakeFdHestonVanillaEngine
pricingengines,MakeMCAmericanBasketEngine
pricingengines,MakeMCAmericanEngine
pricingengines,MakeMCBarrierEngine
pricingengines,MakeMCDigitalEngine
pricingengines,MakeMCDiscreteArithmeticAPEngine
pricingengines,MakeMCDiscreteArithmeticAPHestonEngine
pricingengines,MakeMCDiscreteArithmeticASEngine
pricingengines,MakeMCDiscreteGeometricAPEngine
pricingengines,MakeMCDiscreteGeometricAPHestonEngine
pricingengines,MakeMCEuropeanBasketEngine
pricingengines,MakeMCEuropeanEngine
pricingengines,MakeMCEuropeanGJRGARCHEngine
pricingengines,MakeMCEuropeanHestonEngine
pricingengines,MakeMCForwardEuropeanBSEngine
pricingengines,MakeMCForwardEuropeanHestonEngine
pricingengines,MakeMCHestonHullWhiteEngine
pricingengines,MakeMCHullWhiteCapFloorEngine
pricingengines,MakeMCLookbackEngine
pricingengines,MakeMCPerformanceEngine
pricingengines,MakeMCVarianceSwapEngine
pricingengines,MatchHelper
pricingengines,OperatorSplittingSpreadEngine
pricingengines,PastFixingsOnly
pricingengines,PerformanceOptionPathPricer
pricingengines,QdFpAmericanEngine
pricingengines,QdFpIterationScheme
pricingengines,QdFpLegendreScheme
pricingengines,QdFpLegendreTanhSinhScheme
pricingengines,QdFpTanhSinhIterationScheme
pricingengines,QdPlusAddOnValue
pricingengines,QdPlusAmericanEngine
pricingengines,QdPutCallParityEngine
pricingengines,QuantoEngine
pricingengines,ReplicatingVarianceSwapEngine
pricingengines,RiskyBondEngine
pricingengines,SingleFactorBsmBasketEngine
pricingengines,SumExponentialsRootSolver
pricingengines,TreeVanillaSwapEngine
pricingengines,TurnbullWakemanAsianEngine
pricingengines,VariancePathPricer
pricingengines,VectorBsmProcessExtractor
processes,CachingKey
processes,EndEulerDiscretization
processes,GJRGARCHProcess
processes,GarmanKohlagenProcess
processes,GeometricBrownianMotionProcess
processes,GsrProcessCore
processes,HestonSLVProcess
processes,HullWhiteProcess
processes,HybridHestonHullWhiteProcess
processes,JointStochasticProcess
processes,Merton76Process
processes,MfStateProcess
quotes,EurodollarFuturesImpliedStdDevQuote
quotes,ForwardSwapQuote
quotes,ForwardValueQuote
quotes,FuturesConvAdjustmentQuote
quotes,ImpliedStdDevQuote
quotes,LastFixingQuote
quotes,MultiCompositeQuote
termstructures,AbcdError
termstructures,AbcdParametersTransformation
termstructures,AbcdSquared
termstructures,AdditionalBootstrapVariables
termstructures,AndreasenHugeLocalVolAdapter
termstructures,AndreasenHugeVolatilityAdapter
termstructures,AndreasenHugeVolatilityInterpl
termstructures,BMASwapRateHelper
termstructures,BlackVolTimeExtrapolation
termstructures,BlackVolatilitySurfaceDelta
termstructures,BootstrapHelperSorter
termstructures,CPIBondHelper
termstructures,CompositeZeroYieldStructure
termstructures,ConstantSwaptionVolatility
termstructures,Cube
termstructures,CubicBSplinesFitting
termstructures,DateHelper
termstructures,DefaultDensity
termstructures,ExponentialSplinesFitting
termstructures,FittedBondDiscountCurve
termstructures,FixedRateBondHelper
termstructures,Gaussian1dSmileSection
termstructures,GridModelLocalVolSurface
termstructures,HazardRate
termstructures,HestonBlackVolSurface
termstructures,ImpliedVolTermStructure
termstructures,InterpolatedCurve
termstructures,InterpolatedPiecewiseForwardSpreadedTermStructure
termstructures,InterpolatedPiecewiseZeroSpreadedTermStructure
termstructures,InterpolatedSimpleZeroCurve
termstructures,KerkhofSeasonality
termstructures,MultiCurve
termstructures,MultiCurveBootstrap
termstructures,MultiCurveBootstrapContributor
termstructures,MultiCurveBootstrapProvider
termstructures,MultipleResetsSwapRateHelper
termstructures,NaturalCubicFitting
termstructures,NelsonSiegelFitting
termstructures,NoExceptLocalVolSurface
termstructures,OptionletStripper
termstructures,OvernightIndexFutureRateHelper
termstructures,PiecewiseBlackVarianceSurface
termstructures,PiecewiseSpreadYieldCurve
termstructures,Pillar
termstructures,PrivateObserver
termstructures,QuantoTermStructure
termstructures,SimplePolynomialFitting
termstructures,SimpleQuoteVariables
termstructures,SimpleZeroYield
termstructures,SingleStepCalibrationResult
termstructures,SmileSectionUtils
termstructures,SofrFutureRateHelper
termstructures,SpreadFittingMethod
termstructures,SurvivalProbability
termstructures,SvenssonFitting
termstructures,SwaptionVolCubeSabrModel
termstructures,SwaptionVolCubeZabrModel
termstructures,UltimateForwardTermStructure
termstructures,XabrModelTraits
termstructures,ZabrFullFd
termstructures,ZabrLocalVolatility
termstructures,ZabrModel
termstructures,ZabrShortMaturityLognormal
termstructures,ZabrShortMaturityNormal
time,ASX
time,CommonImpl
time,ECB
time,GovernmentBondImpl
time,IMM
time,OrthodoxImpl
time,PublicImpl
time,SettlementImpl
time,Thirty360_Impl
time,WesternImpl
utilities,Clone
utilities,DateParser
utilities,Null
utilities,ObservableValue
utilities,PeriodParser
utilities,Tracing
